{"att16": {"dummy": {"delay1": [206.6540959040959, 149.48555914972275, 172.35808170515097], "delay2": [794.2999999999998, 1162.2749999999996, 1134.575], "goodput": [3.3456579212409108, 0.7236847472795975, 0.7106295441337623], "loss": [0.053651619002599855, 0.0, 0.0], "network score": [40.53821463199019, 31.809211868198993, 31.776573860334405], "SSIM": [0.17531651042025118, 0.18261862234549062, 0.18009281774733452]}, "HRCC": {"delay1": [46.89058368924141, 61.90453137103021, 74.18717891445164], "delay2": [185.04999999999973, 445.1999999999989, 475.1499999999994], "goodput": [0.29973657470266013, 0.29937321022516, 0.23051034934512313], "loss": [0.0, 0.0, 0.0], "network score": [41.319591601029636, 30.798060817126174, 30.576275873362807], "SSIM": [0.21649311149052267, 0.2271244807312982, 0.20944753226141935]}, "GCC": {"delay1": [65.92937853107344, 39.69296316657504, 38.81172750790457], "delay2": [552.0749999999986, 206.5749999999985, 152.57499999999993], "goodput": [0.19154760652539696, 0.11235874559894404, 0.09423266658276952], "loss": [0.0, 0.0, 0.0], "network score": [30.478869016313492, 39.90507153897253, 42.25078995192378], "SSIM": [0.2144781471723968, 0.25038925440208704, 0.24253652905169418]}}, "taxi": {"dummy": {"delay1": [10.419101512876775, 13.640813331935856, 9.17906008328376], "delay2": [33.06666666666658, 47.0, 10.333333333333334], "goodput": [0.8506392303910388, 0.6373679408189675, 23.79281243020996], "loss": [0.04150985167146336, 0.0, 0.04339166310997297], "network score": [48.39824706719467, 48.89299993891357, 67.73902534010962], "SSIM": [0.18207019256819953, 0.18183983399454476, 0.1831935020362744]}, "HRCC": {"delay1": [19.472140762463344, 16.77505376344086, 18.656736813336977], "delay2": [45.5, 41.5, 73.5], "goodput": [0.1792847079395079, 0.2105539089653416, 0.19130920967984413], "loss": [0.0, 0.0, 0.0], "network score": [48.085027690246775, 48.38298704781937, 46.71163763248089], "SSIM": [0.22721146590513336, 0.23862182055930486, 0.22600183658269202]}, "GCC": {"delay1": [3.8347689898198905, 3.868928296067849, 3.394143560507904], "delay2": [6.0, 2.0, -1.7000000000000455], "goodput": [0.13432249807377497, 0.14309341346189053, 0.13758427318984426], "loss": [0.0, 0.0, 0.0], "network score": [49.864754809733654, 49.91543036943021, 49.93911591887726], "SSIM": [0.22767493872073744, 0.227063319675657, 0.22974255079819728]}}, "verizon": {"dummy": {"delay1": [7.687410306588389, 12.154860429232711, 17.590541632983022], "delay2": [8.333333333333334, 32.0, 54.666666666666664], "goodput": [3.5211356681134873, 4.056355398698738, 0.7764789369533474], "loss": [0.04019534184823441, 0.08414696813977389, 0.07881345413925779], "network score": [54.03826153884367, 52.359960296135085, 45.896732714333], "SSIM": [0.18354650284758342, 0.18644497641038946, 0.19681507514721028]}, "HRCC": {"delay1": [17.274091171379112, 33.88548730866111, 20.78940326465079], "delay2": [47.39999999999992, 174.4499999999996, 56.0], "goodput": [0.16918900032455023, 0.2999919136386141, 0.17393737577059365], "loss": [0.0, 0.0, 0.0], "network score": [47.93932394892377, 41.989920975893185, 47.51195786728718], "SSIM": [0.21826364473782534, 0.2174117401049439, 0.22654188737237285]}, "GCC": {"delay1": [4.872585836909871, 4.744521646178514, 4.609054593874833], "delay2": [10.0, 7.5, 7.6749999999999545], "goodput": [0.12035686573814314, 0.12241404495205657, 0.12382424719966001], "loss": [0.0, 0.0, 0.0], "network score": [49.679672935190524, 49.73672818168707, 49.75568186362288], "SSIM": [0.2394944159968785, 0.23962495792525734, 0.2405496143727948]}}, "tmobile": {"dummy": {"delay1": [67.16363126926309, 67.34883720930233, 71.4907714150497], "delay2": [131.54999999999998, 161.14999999999964, 208.5], "goodput": [2.056838384586767, 0.7835681779967523, 0.701392833887083], "loss": [0.03200433957146732, 0.0, 0.11156271899088997], "network score": [45.767467040614854, 43.79660240555943, 37.883736282449355], "SSIM": [0.18921614378618992, 0.17966509974958472, 0.17294039995772362]}, "HRCC": {"delay1": [70.90215588723052, 77.81542111506525, 124.95975378787878], "delay2": [306.6, 367.8749999999992, 625.0], "goodput": [0.19792668984529607, 0.25860159862524273, 0.28121433336220814], "loss": [0.0, 0.0, 0.0], "network score": [35.110836966884875, 32.348236669830456, 32.73273880370255], "SSIM": [0.23220388418857188, 0.20851994906358315, 0.20671737969416482]}, "GCC": {"delay1": [49.503335186214564, 51.21785815202035, 54.24768172300329], "delay2": [116.94999999999993, 151.89999999999964, 150.57500000000024], "goodput": [0.10942383171850015, 0.10508115497227671, 0.07677603610843949], "loss": [0.0, 0.0, 0.0], "network score": [44.16131824567384, 42.62039075730826, 42.54999242120899], "SSIM": [0.24598067241447638, 0.2373460363259242, 0.23087722958823548]}}, "30mbps": {"dummy": {"delay1": [15.124960605105578, 11.54238399737662, 11.109278857986709], "delay2": [37.949999999999996, 25.666666666666668, 36.5], "goodput": [1.8518851289261076, 0.6922770471196308, 0.7101424142972479], "loss": [0.09342857142857143, 0.1187689640225401, 0.0], "network score": [48.267785325084404, 46.23027984412178, 49.71257931215045], "SSIM": [0.17932003541206618, 0.18028750886886535, 0.17893992101019915]}, "HRCC": {"delay1": [25.325781474046458, 19.198296122209165, 13.93307655272027], "delay2": [89.0, 60.0, 32.5], "goodput": [0.14068470149345758, 0.13378527717881994, 0.17497976310407265], "loss": [0.0, 0.0, 0.0], "network score": [45.79497241396425, 47.237811258426916, 48.69702004094661], "SSIM": [0.23210748666599276, 0.22780855963066862, 0.2356780674587884]}, "GCC": {"delay1": [5.279606188466948, 6.1263919821826285, 2.821002386634845], "delay2": [8.5, 6.5, 4.5], "goodput": [0.10316616189370004, 0.11762037314468747, 0.12627247461371774], "loss": [0.0, 0.0, 0.0], "network score": [49.68719580175658, 49.656515376364716, 49.992298101957175], "SSIM": [0.24403214632830247, 0.2506738805288242, 0.24115377164861518]}}}