{"30mbps": {"HRCC": {"delay1": [1.6777675211247602], "delay2": [1.0], "goodput": [1.4600794805773452], "loss": [0.0], "network score": [53.52563449008122], "SSIM": [0.5772520785587153]}, "GCC": {"delay1": [1.5368595517763206], "delay2": [0.5], "goodput": [1.3839233662687083], "loss": [0.0], "network score": [53.36018186016998], "SSIM": [0.5825154769187085]}, "PCC": {"delay1": [1.5263573024845536], "delay2": [1.0], "goodput": [0.3190528791853492], "loss": [0.0], "network score": [50.69788157452197], "SSIM": [0.5823673836191167]}, "Gemini": {"delay1": [1.7607289829512052], "delay2": [0.5], "goodput": [0.5787778245701638], "loss": [0.0], "network score": [51.34731800592362], "SSIM": [0.5663388487044768]}, "FARC": {"delay1": [1.6123648889416795], "delay2": [1.5], "goodput": [1.8670466445970908], "loss": [0.0], "network score": [54.54292833219098], "SSIM": [0.5651462351082734]}, "Schaferct": {"delay1": [1.5392093704245973], "delay2": [0.5], "goodput": [1.8727774068936813], "loss": [0.0], "network score": [54.55756540778147], "SSIM": [0.5628638011892667]}}}