{"att16": {"dummy": {"delay1": [53.64354450681636], "delay2": [414.59999999999945], "goodput": [0.3052814681810462], "loss": [0.0], "network score": [30.763203670452615], "SSIM": [0.5826243599579162]}, "HRCC": {"delay1": [143.88517629684327], "delay2": [1280.099999999998], "goodput": [0.9448650923659784], "loss": [0.0], "network score": [32.362162730914946], "SSIM": [0.5823781450728466]}, "GCC": {"delay1": [104.50835189309576], "delay2": [803.1999999999998], "goodput": [0.36288726838916563], "loss": [0.0], "network score": [30.907218170972914], "SSIM": [0.5814711493805101]}}, "taxi": {"dummy": {"delay1": [2.2541258553602574], "delay2": [3.0], "goodput": [0.3054208825171332], "loss": [0.0], "network score": [50.51479598738736], "SSIM": [0.5823483895926456]}, "HRCC": {"delay1": [2.4999305362600723], "delay2": [2.5], "goodput": [1.5109911538183798], "loss": [0.0], "network score": [53.504461776965044], "SSIM": [0.575601970028719]}, "GCC": {"delay1": [2.381914448934095], "delay2": [0.5], "goodput": [1.483460524525065], "loss": [0.0], "network score": [53.48587903408494], "SSIM": [0.5825154769187085]}}, "verizon": {"dummy": {"delay1": [3.2370885737222372], "delay2": [7.5], "goodput": [0.305244278136352], "loss": [0.0], "network score": [50.31479119558281], "SSIM": [0.5823483895926456]}, "HRCC": {"delay1": [4.558898797983715], "delay2": [10.5], "goodput": [1.2520714980986465], "loss": [0.0], "network score": [52.53229534429625], "SSIM": [0.5838221610058035]}, "GCC": {"delay1": [4.668760831889082], "delay2": [8.5], "goodput": [1.3776554662435634], "loss": [0.0], "network score": [52.82501664863743], "SSIM": [0.5814323489525576]}}, "tmobile": {"dummy": {"delay1": [47.18892948978211], "delay2": [119.64999999999964], "goodput": [0.30515169158258154], "loss": [0.0], "network score": [44.59041678293081], "SSIM": [0.5826416496388582]}, "HRCC": {"delay1": [43.709859508278974], "delay2": [117.5], "goodput": [0.48225645733415523], "loss": [0.0], "network score": [45.24345455765338], "SSIM": [0.5745939349216708]}, "GCC": {"delay1": [49.667342073897494], "delay2": [131.5999999999999], "goodput": [0.48956025451491375], "loss": [0.0], "network score": [44.54363858023093], "SSIM": [0.5825154769187085]}}, "30mbps": {"dummy": {"delay1": [1.5271949752772953], "delay2": [0.5], "goodput": [0.30551743904671197], "loss": [0.0], "network score": [50.66416704211498], "SSIM": [0.5826416496388582]}, "HRCC": {"delay1": [1.646984126984127], "delay2": [0.5], "goodput": [1.460761293536126], "loss": [0.0], "network score": [53.52752512438758], "SSIM": [0.5828340498891151]}, "GCC": {"delay1": [1.524907815776155], "delay2": [0.0], "goodput": [1.3790034878891146], "loss": [0.0], "network score": [53.3480062321606], "SSIM": [0.5825154769187085]}}}