{"att16": {"dummy": {"delay1": [224.39086343442148], "delay2": [1841.2999999999997], "goodput": [0.9976433335847976], "loss": [0.0], "network score": [32.494108333962], "SSIM": [0.39197464274694]}, "HRCC": {"delay1": [85.35623901581722], "delay2": [708.175], "goodput": [0.2533188379768145], "loss": [0.0], "network score": [30.633297094942037], "SSIM": [0.40321365491833017]}, "GCC": {"delay1": [62.96474299498979], "delay2": [506.4249999999993], "goodput": [0.18504341213628767], "loss": [0.0], "network score": [30.548815426892478], "SSIM": [0.4068261195093042]}}, "taxi": {"dummy": {"delay1": [2.119506028782575], "delay2": [5.0], "goodput": [0.9975810104786765], "loss": [0.0], "network score": [52.219264246894944], "SSIM": [0.391842280455203]}, "HRCC": {"delay1": [1.8725691508636308], "delay2": [3.5], "goodput": [0.5312967004211273], "loss": [0.0], "network score": [51.10380284830968], "SSIM": [0.39169837917102707]}, "GCC": {"delay1": [1.8773987206823028], "delay2": [3.0], "goodput": [0.29897407185477565], "loss": [0.0], "network score": [50.54793393275415], "SSIM": [0.4064519067898755]}}, "verizon": {"dummy": {"delay1": [3.0248591959603806], "delay2": [4.5], "goodput": [0.9897190865824068], "loss": [0.0], "network score": [52.02929777757399], "SSIM": [0.39211554063435944]}, "HRCC": {"delay1": [3.6272114162838434], "delay2": [6.0], "goodput": [0.8693841874094518], "loss": [0.0], "network score": [51.70240903307285], "SSIM": [0.391050375691276]}, "GCC": {"delay1": [2.8545674897742765], "delay2": [7.5], "goodput": [0.2998116871713142], "loss": [0.0], "network score": [50.30120971817021], "SSIM": [0.4063437161389167]}}, "tmobile": {"dummy": {"delay1": [51.806483204387426], "delay2": [141.27499999999964], "goodput": [0.9914953452642681], "loss": [0.0], "network score": [45.271037639479694], "SSIM": [0.3921033542128462]}, "HRCC": {"delay1": [47.145168472613925], "delay2": [125.59999999999991], "goodput": [0.43313699491135466], "loss": [0.0], "network score": [44.75163071571228], "SSIM": [0.392080030036906]}, "GCC": {"delay1": [47.74522597071929], "delay2": [124.25000000000023], "goodput": [0.20466708755159757], "loss": [0.0], "network score": [44.026879676967994], "SSIM": [0.40678718729882046]}}, "30mbps": {"dummy": {"delay1": [1.0964181994191675], "delay2": [1.0], "goodput": [0.9932079173512428], "loss": [0.0], "network score": [52.38326916993671], "SSIM": [0.39197912626901976]}, "HRCC": {"delay1": [1.3312446246467624], "delay2": [1.0], "goodput": [0.5241826147638098], "loss": [0.0], "network score": [51.210705913468125], "SSIM": [0.40307707071980703]}, "GCC": {"delay1": [1.1040375018902162], "delay2": [1.0], "goodput": [0.2990141955051715], "loss": [0.0], "network score": [50.647784865321526], "SSIM": [0.4065875244242102]}}}