{"30mbps": {"HRCC": {"delay1": [1.660162829870859], "delay2": [1.5], "goodput": [1.4781056880916545], "loss": [0.0], "network score": [53.57057594092739], "SSIM": [0.5807341046934242]}, "GCC": {"delay1": [1.5301431256324995], "delay2": [0.5], "goodput": [1.3784456571235268], "loss": [0.0], "network score": [53.346487587307024], "SSIM": [0.5825154769187085]}, "Cubic": {"delay1": [1.546472272845613], "delay2": [0.0], "goodput": [0.37316383119261026], "loss": [0.0], "network score": [50.83340709041934], "SSIM": [0.5782535167749903]}, "PCC": {"delay1": [1.5413473174667205], "delay2": [0.0], "goodput": [0.28644077125471545], "loss": [0.0], "network score": [50.6165994405746], "SSIM": [0.582725662440552]}, "Copa": {"delay1": [1.7387740555951532], "delay2": [1.5], "goodput": [1.8396544761930043], "loss": [0.0], "network score": [54.47444791118076], "SSIM": [0.5708672918804266]}, "Copa+": {"delay1": [1.6810990840965863], "delay2": [1.0], "goodput": [1.8435437938331025], "loss": [0.0], "network score": [54.484357307190415], "SSIM": [0.5711438135168485]}}}