{"30mbps": {"FARC": {"delay1": [1.6323105012073738], "delay2": [0.5], "goodput": [1.8727918580033005], "loss": [0.0], "network score": [54.55760153555552], "SSIM": [0.566945056089562]}}}